{"minzoom":0,"maxzoom":8,"center":[26.015625,44.58831,8.0],"bounds":[20.261951,43.619026,29.715248,48.265152]}