{"minzoom":0,"maxzoom":9,"center":[25.664063,44.839751,9.0],"bounds":[20.261951,43.619026,29.715248,48.265152]}